sample_id,rel_path,label,contributor_id
s000000,images/s000000.png,circle,contrib_a
s000001,images/s000001.png,square,contrib_b
s000002,images/s000002.png,triangle,contrib_c
s000003,images/s000003.png,circle,contrib_d
s000004,images/s000004.png,square,contrib_a
s000005,images/s000005.png,triangle,contrib_b
s000006,images/s000006.png,circle,contrib_c
s000007,images/s000007.png,square,contrib_d
s000008,images/s000008.png,triangle,contrib_a
s000009,images/s000009.png,circle,contrib_b
s000010,images/s000010.png,square,contrib_c
s000011,images/s000011.png,triangle,contrib_d
s000012,images/s000012.png,circle,contrib_a
s000013,images/s000013.png,square,contrib_b
s000014,images/s000014.png,triangle,contrib_c
s000015,images/s000015.png,circle,contrib_d
s000016,images/s000016.png,square,contrib_a
s000017,images/s000017.png,triangle,contrib_b
s000018,images/s000018.png,circle,contrib_c
s000019,images/s000019.png,square,contrib_d
s000020,images/s000020.png,triangle,contrib_a
s000021,images/s000021.png,circle,contrib_b
s000022,images/s000022.png,square,contrib_c
s000023,images/s000023.png,triangle,contrib_d
s000024,images/s000024.png,circle,contrib_a
s000025,images/s000025.png,square,contrib_b
s000026,images/s000026.png,triangle,contrib_c
s000027,images/s000027.png,circle,contrib_d
s000028,images/s000028.png,square,contrib_a
s000029,images/s000029.png,triangle,contrib_b
s000030,images/s000030.png,circle,contrib_c
s000031,images/s000031.png,square,contrib_d
s000032,images/s000032.png,triangle,contrib_a
s000033,images/s000033.png,circle,contrib_b
s000034,images/s000034.png,square,contrib_c
s000035,images/s000035.png,triangle,contrib_d
s000036,images/s000036.png,circle,contrib_a
s000037,images/s000037.png,square,contrib_b
s000038,images/s000038.png,triangle,contrib_c
s000039,images/s000039.png,circle,contrib_d
s000040,images/s000040.png,square,contrib_a
s000041,images/s000041.png,triangle,contrib_b
s000042,images/s000042.png,circle,contrib_c
s000043,images/s000043.png,square,contrib_d
s000044,images/s000044.png,triangle,contrib_a
s000045,images/s000045.png,circle,contrib_b
s000046,images/s000046.png,square,contrib_c
s000047,images/s000047.png,triangle,contrib_d
s000048,images/s000048.png,circle,contrib_a
s000049,images/s000049.png,square,contrib_b
s000050,images/s000050.png,triangle,contrib_c
s000051,images/s000051.png,circle,contrib_d
s000052,images/s000052.png,square,contrib_a
s000053,images/s000053.png,triangle,contrib_b
s000054,images/s000054.png,circle,contrib_c
s000055,images/s000055.png,square,contrib_d
s000056,images/s000056.png,triangle,contrib_a
s000057,images/s000057.png,circle,contrib_b
s000058,images/s000058.png,square,contrib_c
s000059,images/s000059.png,triangle,contrib_d
s000060,images/s000060.png,circle,contrib_a
s000061,images/s000061.png,square,contrib_b
s000062,images/s000062.png,triangle,contrib_c
s000063,images/s000063.png,circle,contrib_d
s000064,images/s000064.png,square,contrib_a
s000065,images/s000065.png,triangle,contrib_b
s000066,images/s000066.png,circle,contrib_c
s000067,images/s000067.png,square,contrib_d
s000068,images/s000068.png,triangle,contrib_a
s000069,images/s000069.png,circle,contrib_b
s000070,images/s000070.png,square,contrib_c
s000071,images/s000071.png,triangle,contrib_d
s000072,images/s000072.png,circle,contrib_a
s000073,images/s000073.png,square,contrib_b
s000074,images/s000074.png,triangle,contrib_c
s000075,images/s000075.png,circle,contrib_d
s000076,images/s000076.png,square,contrib_a
s000077,images/s000077.png,triangle,contrib_b
s000078,images/s000078.png,circle,contrib_c
s000079,images/s000079.png,square,contrib_d
s000080,images/s000080.png,triangle,contrib_a
s000081,images/s000081.png,circle,contrib_b
s000082,images/s000082.png,square,contrib_c
s000083,images/s000083.png,triangle,contrib_d
s000084,images/s000084.png,circle,contrib_a
s000085,images/s000085.png,square,contrib_b
s000086,images/s000086.png,triangle,contrib_c
s000087,images/s000087.png,circle,contrib_d
s000088,images/s000088.png,square,contrib_a
s000089,images/s000089.png,triangle,contrib_b
s000090,images/s000090.png,circle,contrib_c
s000091,images/s000091.png,square,contrib_d
s000092,images/s000092.png,triangle,contrib_a
s000093,images/s000093.png,circle,contrib_b
s000094,images/s000094.png,square,contrib_c
s000095,images/s000095.png,triangle,contrib_d
s000096,images/s000096.png,circle,contrib_a
s000097,images/s000097.png,square,contrib_b
s000098,images/s000098.png,triangle,contrib_c
s000099,images/s000099.png,circle,contrib_d
s000100,images/s000100.png,square,contrib_a
s000101,images/s000101.png,triangle,contrib_b
s000102,images/s000102.png,circle,contrib_c
s000103,images/s000103.png,square,contrib_d
s000104,images/s000104.png,triangle,contrib_a
s000105,images/s000105.png,circle,contrib_b
s000106,images/s000106.png,square,contrib_c
s000107,images/s000107.png,triangle,contrib_d
s000108,images/s000108.png,circle,contrib_a
s000109,images/s000109.png,square,contrib_b
s000110,images/s000110.png,triangle,contrib_c
s000111,images/s000111.png,circle,contrib_d
s000112,images/s000112.png,square,contrib_a
s000113,images/s000113.png,triangle,contrib_b
s000114,images/s000114.png,circle,contrib_c
s000115,images/s000115.png,square,contrib_d
s000116,images/s000116.png,triangle,contrib_a
s000117,images/s000117.png,circle,contrib_b
s000118,images/s000118.png,square,contrib_c
s000119,images/s000119.png,triangle,contrib_d
s000120,images/s000120.png,circle,contrib_a
s000121,images/s000121.png,square,contrib_b
s000122,images/s000122.png,triangle,contrib_c
s000123,images/s000123.png,circle,contrib_d
s000124,images/s000124.png,square,contrib_a
s000125,images/s000125.png,triangle,contrib_b
s000126,images/s000126.png,circle,contrib_c
s000127,images/s000127.png,square,contrib_d
s000128,images/s000128.png,triangle,contrib_a
s000129,images/s000129.png,circle,contrib_b
s000130,images/s000130.png,square,contrib_c
s000131,images/s000131.png,triangle,contrib_d
s000132,images/s000132.png,circle,contrib_a
s000133,images/s000133.png,square,contrib_b
s000134,images/s000134.png,triangle,contrib_c
s000135,images/s000135.png,circle,contrib_d
s000136,images/s000136.png,square,contrib_a
s000137,images/s000137.png,triangle,contrib_b
s000138,images/s000138.png,circle,contrib_c
s000139,images/s000139.png,square,contrib_d
s000140,images/s000140.png,triangle,contrib_a
s000141,images/s000141.png,circle,contrib_b
s000142,images/s000142.png,square,contrib_c
s000143,images/s000143.png,triangle,contrib_d
s000144,images/s000144.png,circle,contrib_a
s000145,images/s000145.png,square,contrib_b
s000146,images/s000146.png,triangle,contrib_c
s000147,images/s000147.png,circle,contrib_d
s000148,images/s000148.png,square,contrib_a
s000149,images/s000149.png,triangle,contrib_b
s000150,images/s000150.png,circle,contrib_c
s000151,images/s000151.png,square,contrib_d
s000152,images/s000152.png,triangle,contrib_a
s000153,images/s000153.png,circle,contrib_b
s000154,images/s000154.png,square,contrib_c
s000155,images/s000155.png,triangle,contrib_d
s000156,images/s000156.png,circle,contrib_a
s000157,images/s000157.png,square,contrib_b
s000158,images/s000158.png,triangle,contrib_c
s000159,images/s000159.png,circle,contrib_d
s000160,images/s000160.png,square,contrib_a
s000161,images/s000161.png,triangle,contrib_b
s000162,images/s000162.png,circle,contrib_c
s000163,images/s000163.png,square,contrib_d
s000164,images/s000164.png,triangle,contrib_a
s000165,images/s000165.png,circle,contrib_b
s000166,images/s000166.png,square,contrib_c
s000167,images/s000167.png,triangle,contrib_d
s000168,images/s000168.png,circle,contrib_a
s000169,images/s000169.png,square,contrib_b
s000170,images/s000170.png,triangle,contrib_c
s000171,images/s000171.png,circle,contrib_d
s000172,images/s000172.png,square,contrib_a
s000173,images/s000173.png,triangle,contrib_b
s000174,images/s000174.png,circle,contrib_c
s000175,images/s000175.png,square,contrib_d
s000176,images/s000176.png,triangle,contrib_a
s000177,images/s000177.png,circle,contrib_b
s000178,images/s000178.png,square,contrib_c
s000179,images/s000179.png,triangle,contrib_d
s000180,images/s000180.png,circle,contrib_a
s000181,images/s000181.png,square,contrib_b
s000182,images/s000182.png,triangle,contrib_c
s000183,images/s000183.png,circle,contrib_d
s000184,images/s000184.png,square,contrib_a
s000185,images/s000185.png,triangle,contrib_b
s000186,images/s000186.png,circle,contrib_c
s000187,images/s000187.png,square,contrib_d
s000188,images/s000188.png,triangle,contrib_a
s000189,images/s000189.png,circle,contrib_b
s000190,images/s000190.png,square,contrib_c
s000191,images/s000191.png,triangle,contrib_d
s000192,images/s000192.png,circle,contrib_a
s000193,images/s000193.png,square,contrib_b
s000194,images/s000194.png,triangle,contrib_c
s000195,images/s000195.png,circle,contrib_d
s000196,images/s000196.png,square,contrib_a
s000197,images/s000197.png,triangle,contrib_b
s000198,images/s000198.png,circle,contrib_c
s000199,images/s000199.png,square,contrib_d
s000200,images/s000200.png,triangle,contrib_a
s000201,images/s000201.png,circle,contrib_b
s000202,images/s000202.png,square,contrib_c
s000203,images/s000203.png,triangle,contrib_d
s000204,images/s000204.png,circle,contrib_a
s000205,images/s000205.png,square,contrib_b
s000206,images/s000206.png,triangle,contrib_c
s000207,images/s000207.png,circle,contrib_d
s000208,images/s000208.png,square,contrib_a
s000209,images/s000209.png,triangle,contrib_b
s000210,images/s000210.png,circle,contrib_c
s000211,images/s000211.png,square,contrib_d
s000212,images/s000212.png,triangle,contrib_a
s000213,images/s000213.png,circle,contrib_b
s000214,images/s000214.png,square,contrib_c
s000215,images/s000215.png,triangle,contrib_d
s000216,images/s000216.png,circle,contrib_a
s000217,images/s000217.png,square,contrib_b
s000218,images/s000218.png,triangle,contrib_c
s000219,images/s000219.png,circle,contrib_d
s000220,images/s000220.png,square,contrib_a
s000221,images/s000221.png,triangle,contrib_b
s000222,images/s000222.png,circle,contrib_c
s000223,images/s000223.png,square,contrib_d
s000224,images/s000224.png,triangle,contrib_a
s000225,images/s000225.png,circle,contrib_b
s000226,images/s000226.png,square,contrib_c
s000227,images/s000227.png,triangle,contrib_d
s000228,images/s000228.png,circle,contrib_a
s000229,images/s000229.png,square,contrib_b
s000230,images/s000230.png,triangle,contrib_c
s000231,images/s000231.png,circle,contrib_d
s000232,images/s000232.png,square,contrib_a
s000233,images/s000233.png,triangle,contrib_b
s000234,images/s000234.png,circle,contrib_c
s000235,images/s000235.png,square,contrib_d
s000236,images/s000236.png,triangle,contrib_a
s000237,images/s000237.png,circle,contrib_b
s000238,images/s000238.png,square,contrib_c
s000239,images/s000239.png,triangle,contrib_d
s000240,images/s000240.png,circle,contrib_a
s000241,images/s000241.png,square,contrib_b
s000242,images/s000242.png,triangle,contrib_c
s000243,images/s000243.png,circle,contrib_d
s000244,images/s000244.png,square,contrib_a
s000245,images/s000245.png,triangle,contrib_b
s000246,images/s000246.png,circle,contrib_c
s000247,images/s000247.png,square,contrib_d
s000248,images/s000248.png,triangle,contrib_a
s000249,images/s000249.png,circle,contrib_b
s000250,images/s000250.png,square,contrib_c
s000251,images/s000251.png,triangle,contrib_d
s000252,images/s000252.png,circle,contrib_a
s000253,images/s000253.png,square,contrib_b
s000254,images/s000254.png,triangle,contrib_c
s000255,images/s000255.png,circle,contrib_d
s000256,images/s000256.png,square,contrib_a
s000257,images/s000257.png,triangle,contrib_b
s000258,images/s000258.png,circle,contrib_c
s000259,images/s000259.png,square,contrib_d
s000260,images/s000260.png,triangle,contrib_a
s000261,images/s000261.png,circle,contrib_b
s000262,images/s000262.png,square,contrib_c
s000263,images/s000263.png,triangle,contrib_d
s000264,images/s000264.png,circle,contrib_a
s000265,images/s000265.png,square,contrib_b
s000266,images/s000266.png,triangle,contrib_c
s000267,images/s000267.png,circle,contrib_d
s000268,images/s000268.png,square,contrib_a
s000269,images/s000269.png,triangle,contrib_b
s000270,images/s000270.png,circle,contrib_c
s000271,images/s000271.png,square,contrib_d
s000272,images/s000272.png,triangle,contrib_a
s000273,images/s000273.png,circle,contrib_b
s000274,images/s000274.png,square,contrib_c
s000275,images/s000275.png,triangle,contrib_d
s000276,images/s000276.png,circle,contrib_a
s000277,images/s000277.png,square,contrib_b
s000278,images/s000278.png,triangle,contrib_c
s000279,images/s000279.png,circle,contrib_d
s000280,images/s000280.png,square,contrib_a
s000281,images/s000281.png,triangle,contrib_b
s000282,images/s000282.png,circle,contrib_c
s000283,images/s000283.png,square,contrib_d
s000284,images/s000284.png,triangle,contrib_a
s000285,images/s000285.png,circle,contrib_b
s000286,images/s000286.png,square,contrib_c
s000287,images/s000287.png,triangle,contrib_d
s000288,images/s000288.png,circle,contrib_a
s000289,images/s000289.png,square,contrib_b
s000290,images/s000290.png,triangle,contrib_c
s000291,images/s000291.png,circle,contrib_d
s000292,images/s000292.png,square,contrib_a
s000293,images/s000293.png,triangle,contrib_b
s000294,images/s000294.png,circle,contrib_c
s000295,images/s000295.png,square,contrib_d
s000296,images/s000296.png,triangle,contrib_a
s000297,images/s000297.png,circle,contrib_b
s000298,images/s000298.png,square,contrib_c
s000299,images/s000299.png,triangle,contrib_d
s000300,images/s000300.png,circle,contrib_a
s000301,images/s000301.png,square,contrib_b
s000302,images/s000302.png,triangle,contrib_c
s000303,images/s000303.png,circle,contrib_d
s000304,images/s000304.png,square,contrib_a
s000305,images/s000305.png,triangle,contrib_b
s000306,images/s000306.png,circle,contrib_c
s000307,images/s000307.png,square,contrib_d
s000308,images/s000308.png,triangle,contrib_a
s000309,images/s000309.png,circle,contrib_b
s000310,images/s000310.png,square,contrib_c
s000311,images/s000311.png,triangle,contrib_d
s000312,images/s000312.png,circle,contrib_a
s000313,images/s000313.png,square,contrib_b
s000314,images/s000314.png,triangle,contrib_c
s000315,images/s000315.png,circle,contrib_d
s000316,images/s000316.png,square,contrib_a
s000317,images/s000317.png,triangle,contrib_b
s000318,images/s000318.png,circle,contrib_c
s000319,images/s000319.png,square,contrib_d
s000320,images/s000320.png,triangle,contrib_a
s000321,images/s000321.png,circle,contrib_b
s000322,images/s000322.png,square,contrib_c
s000323,images/s000323.png,triangle,contrib_d
s000324,images/s000324.png,circle,contrib_a
s000325,images/s000325.png,square,contrib_b
s000326,images/s000326.png,triangle,contrib_c
s000327,images/s000327.png,circle,contrib_d
s000328,images/s000328.png,square,contrib_a
s000329,images/s000329.png,triangle,contrib_b
s000330,images/s000330.png,circle,contrib_c
s000331,images/s000331.png,square,contrib_d
s000332,images/s000332.png,triangle,contrib_a
s000333,images/s000333.png,circle,contrib_b
s000334,images/s000334.png,square,contrib_c
s000335,images/s000335.png,triangle,contrib_d
s000336,images/s000336.png,circle,contrib_a
s000337,images/s000337.png,square,contrib_b
s000338,images/s000338.png,triangle,contrib_c
s000339,images/s000339.png,circle,contrib_d
s000340,images/s000340.png,square,contrib_a
s000341,images/s000341.png,triangle,contrib_b
s000342,images/s000342.png,circle,contrib_c
s000343,images/s000343.png,square,contrib_d
s000344,images/s000344.png,triangle,contrib_a
s000345,images/s000345.png,circle,contrib_b
s000346,images/s000346.png,square,contrib_c
s000347,images/s000347.png,triangle,contrib_d
s000348,images/s000348.png,circle,contrib_a
s000349,images/s000349.png,square,contrib_b
s000350,images/s000350.png,triangle,contrib_c
s000351,images/s000351.png,circle,contrib_d
s000352,images/s000352.png,square,contrib_a
s000353,images/s000353.png,triangle,contrib_b
s000354,images/s000354.png,circle,contrib_c
s000355,images/s000355.png,square,contrib_d
s000356,images/s000356.png,triangle,contrib_a
s000357,images/s000357.png,circle,contrib_b
s000358,images/s000358.png,square,contrib_c
s000359,images/s000359.png,triangle,contrib_d
s000360,images/s000360.png,circle,contrib_a
s000361,images/s000361.png,square,contrib_b
s000362,images/s000362.png,triangle,contrib_c
s000363,images/s000363.png,circle,contrib_d
s000364,images/s000364.png,square,contrib_a
s000365,images/s000365.png,triangle,contrib_b
s000366,images/s000366.png,circle,contrib_c
s000367,images/s000367.png,square,contrib_d
s000368,images/s000368.png,triangle,contrib_a
s000369,images/s000369.png,circle,contrib_b
s000370,images/s000370.png,square,contrib_c
s000371,images/s000371.png,triangle,contrib_d
s000372,images/s000372.png,circle,contrib_a
s000373,images/s000373.png,square,contrib_b
s000374,images/s000374.png,triangle,contrib_c
s000375,images/s000375.png,circle,contrib_d
s000376,images/s000376.png,square,contrib_a
s000377,images/s000377.png,triangle,contrib_b
s000378,images/s000378.png,circle,contrib_c
s000379,images/s000379.png,square,contrib_d
s000380,images/s000380.png,triangle,contrib_a
s000381,images/s000381.png,circle,contrib_b
s000382,images/s000382.png,square,contrib_c
s000383,images/s000383.png,triangle,contrib_d
s000384,images/s000384.png,circle,contrib_a
s000385,images/s000385.png,square,contrib_b
s000386,images/s000386.png,triangle,contrib_c
s000387,images/s000387.png,circle,contrib_d
s000388,images/s000388.png,square,contrib_a
s000389,images/s000389.png,triangle,contrib_b
s000390,images/s000390.png,circle,contrib_c
s000391,images/s000391.png,square,contrib_d
s000392,images/s000392.png,triangle,contrib_a
s000393,images/s000393.png,circle,contrib_b
s000394,images/s000394.png,square,contrib_c
s000395,images/s000395.png,triangle,contrib_d
s000396,images/s000396.png,circle,contrib_a
s000397,images/s000397.png,square,contrib_b
s000398,images/s000398.png,triangle,contrib_c
s000399,images/s000399.png,circle,contrib_d
s000400,images/s000400.png,square,contrib_a
s000401,images/s000401.png,triangle,contrib_b
s000402,images/s000402.png,circle,contrib_c
s000403,images/s000403.png,square,contrib_d
s000404,images/s000404.png,triangle,contrib_a
s000405,images/s000405.png,circle,contrib_b
s000406,images/s000406.png,square,contrib_c
s000407,images/s000407.png,triangle,contrib_d
s000408,images/s000408.png,circle,contrib_a
s000409,images/s000409.png,square,contrib_b
s000410,images/s000410.png,triangle,contrib_c
s000411,images/s000411.png,circle,contrib_d
s000412,images/s000412.png,square,contrib_a
s000413,images/s000413.png,triangle,contrib_b
s000414,images/s000414.png,circle,contrib_c
s000415,images/s000415.png,square,contrib_d
s000416,images/s000416.png,triangle,contrib_a
s000417,images/s000417.png,circle,contrib_b
s000418,images/s000418.png,square,contrib_c
s000419,images/s000419.png,triangle,contrib_d
s000420,images/s000420.png,circle,contrib_a
s000421,images/s000421.png,square,contrib_b
s000422,images/s000422.png,triangle,contrib_c
s000423,images/s000423.png,circle,contrib_d
s000424,images/s000424.png,square,contrib_a
s000425,images/s000425.png,triangle,contrib_b
s000426,images/s000426.png,circle,contrib_c
s000427,images/s000427.png,square,contrib_d
s000428,images/s000428.png,triangle,contrib_a
s000429,images/s000429.png,circle,contrib_b
s000430,images/s000430.png,square,contrib_c
s000431,images/s000431.png,triangle,contrib_d
s000432,images/s000432.png,circle,contrib_a
s000433,images/s000433.png,square,contrib_b
s000434,images/s000434.png,triangle,contrib_c
s000435,images/s000435.png,circle,contrib_d
s000436,images/s000436.png,square,contrib_a
s000437,images/s000437.png,triangle,contrib_b
s000438,images/s000438.png,circle,contrib_c
s000439,images/s000439.png,square,contrib_d
s000440,images/s000440.png,triangle,contrib_a
s000441,images/s000441.png,circle,contrib_b
s000442,images/s000442.png,square,contrib_c
s000443,images/s000443.png,triangle,contrib_d
s000444,images/s000444.png,circle,contrib_a
s000445,images/s000445.png,square,contrib_b
s000446,images/s000446.png,triangle,contrib_c
s000447,images/s000447.png,circle,contrib_d
s000448,images/s000448.png,square,contrib_a
s000449,images/s000449.png,triangle,contrib_b
s000450,images/s000450.png,circle,contrib_c
s000451,images/s000451.png,square,contrib_d
s000452,images/s000452.png,triangle,contrib_a
s000453,images/s000453.png,circle,contrib_b
s000454,images/s000454.png,square,contrib_c
s000455,images/s000455.png,triangle,contrib_d
s000456,images/s000456.png,circle,contrib_a
s000457,images/s000457.png,square,contrib_b
s000458,images/s000458.png,triangle,contrib_c
s000459,images/s000459.png,circle,contrib_d
s000460,images/s000460.png,square,contrib_a
s000461,images/s000461.png,triangle,contrib_b
s000462,images/s000462.png,circle,contrib_c
s000463,images/s000463.png,square,contrib_d
s000464,images/s000464.png,triangle,contrib_a
s000465,images/s000465.png,circle,contrib_b
s000466,images/s000466.png,square,contrib_c
s000467,images/s000467.png,triangle,contrib_d
s000468,images/s000468.png,circle,contrib_a
s000469,images/s000469.png,square,contrib_b
s000470,images/s000470.png,triangle,contrib_c
s000471,images/s000471.png,circle,contrib_d
s000472,images/s000472.png,square,contrib_a
s000473,images/s000473.png,triangle,contrib_b
s000474,images/s000474.png,circle,contrib_c
s000475,images/s000475.png,square,contrib_d
s000476,images/s000476.png,triangle,contrib_a
s000477,images/s000477.png,circle,contrib_b
s000478,images/s000478.png,square,contrib_c
s000479,images/s000479.png,triangle,contrib_d
s000480,images/s000480.png,circle,contrib_a
s000481,images/s000481.png,square,contrib_b
s000482,images/s000482.png,triangle,contrib_c
s000483,images/s000483.png,circle,contrib_d
s000484,images/s000484.png,square,contrib_a
s000485,images/s000485.png,triangle,contrib_b
s000486,images/s000486.png,circle,contrib_c
s000487,images/s000487.png,square,contrib_d
s000488,images/s000488.png,triangle,contrib_a
s000489,images/s000489.png,circle,contrib_b
s000490,images/s000490.png,square,contrib_c
s000491,images/s000491.png,triangle,contrib_d
s000492,images/s000492.png,circle,contrib_a
s000493,images/s000493.png,square,contrib_b
s000494,images/s000494.png,triangle,contrib_c
s000495,images/s000495.png,circle,contrib_d
s000496,images/s000496.png,square,contrib_a
s000497,images/s000497.png,triangle,contrib_b
s000498,images/s000498.png,circle,contrib_c
s000499,images/s000499.png,square,contrib_d
s000500,images/s000500.png,triangle,contrib_a
s000501,images/s000501.png,circle,contrib_b
s000502,images/s000502.png,square,contrib_c
s000503,images/s000503.png,triangle,contrib_d
s000504,images/s000504.png,circle,contrib_a
s000505,images/s000505.png,square,contrib_b
s000506,images/s000506.png,triangle,contrib_c
s000507,images/s000507.png,circle,contrib_d
s000508,images/s000508.png,square,contrib_a
s000509,images/s000509.png,triangle,contrib_b
s000510,images/s000510.png,circle,contrib_c
s000511,images/s000511.png,square,contrib_d
s000512,images/s000512.png,triangle,contrib_a
s000513,images/s000513.png,circle,contrib_b
s000514,images/s000514.png,square,contrib_c
s000515,images/s000515.png,triangle,contrib_d
s000516,images/s000516.png,circle,contrib_a
s000517,images/s000517.png,square,contrib_b
s000518,images/s000518.png,triangle,contrib_c
s000519,images/s000519.png,circle,contrib_d
s000520,images/s000520.png,square,contrib_a
s000521,images/s000521.png,triangle,contrib_b
s000522,images/s000522.png,circle,contrib_c
s000523,images/s000523.png,square,contrib_d
s000524,images/s000524.png,triangle,contrib_a
s000525,images/s000525.png,circle,contrib_b
s000526,images/s000526.png,square,contrib_c
s000527,images/s000527.png,triangle,contrib_d
s000528,images/s000528.png,circle,contrib_a
s000529,images/s000529.png,square,contrib_b
s000530,images/s000530.png,triangle,contrib_c
s000531,images/s000531.png,circle,contrib_d
s000532,images/s000532.png,square,contrib_a
s000533,images/s000533.png,triangle,contrib_b
s000534,images/s000534.png,circle,contrib_c
s000535,images/s000535.png,square,contrib_d
s000536,images/s000536.png,triangle,contrib_a
s000537,images/s000537.png,circle,contrib_b
s000538,images/s000538.png,square,contrib_c
s000539,images/s000539.png,triangle,contrib_d
s000540,images/s000540.png,circle,contrib_a
s000541,images/s000541.png,square,contrib_b
s000542,images/s000542.png,triangle,contrib_c
s000543,images/s000543.png,circle,contrib_d
s000544,images/s000544.png,square,contrib_a
s000545,images/s000545.png,triangle,contrib_b
s000546,images/s000546.png,circle,contrib_c
s000547,images/s000547.png,square,contrib_d
s000548,images/s000548.png,triangle,contrib_a
s000549,images/s000549.png,circle,contrib_b
s000550,images/s000550.png,square,contrib_c
s000551,images/s000551.png,triangle,contrib_d
s000552,images/s000552.png,circle,contrib_a
s000553,images/s000553.png,square,contrib_b
s000554,images/s000554.png,triangle,contrib_c
s000555,images/s000555.png,circle,contrib_d
s000556,images/s000556.png,square,contrib_a
s000557,images/s000557.png,triangle,contrib_b
s000558,images/s000558.png,circle,contrib_c
s000559,images/s000559.png,square,contrib_d
s000560,images/s000560.png,triangle,contrib_a
s000561,images/s000561.png,circle,contrib_b
s000562,images/s000562.png,square,contrib_c
s000563,images/s000563.png,triangle,contrib_d
s000564,images/s000564.png,circle,contrib_a
s000565,images/s000565.png,square,contrib_b
s000566,images/s000566.png,triangle,contrib_c
s000567,images/s000567.png,circle,contrib_d
s000568,images/s000568.png,square,contrib_a
s000569,images/s000569.png,triangle,contrib_b
s000570,images/s000570.png,circle,contrib_c
s000571,images/s000571.png,square,contrib_d
s000572,images/s000572.png,triangle,contrib_a
s000573,images/s000573.png,circle,contrib_b
s000574,images/s000574.png,square,contrib_c
s000575,images/s000575.png,triangle,contrib_d
s000576,images/s000576.png,circle,contrib_a
s000577,images/s000577.png,square,contrib_b
s000578,images/s000578.png,triangle,contrib_c
s000579,images/s000579.png,circle,contrib_d
s000580,images/s000580.png,square,contrib_a
s000581,images/s000581.png,triangle,contrib_b
s000582,images/s000582.png,circle,contrib_c
s000583,images/s000583.png,square,contrib_d
s000584,images/s000584.png,triangle,contrib_a
s000585,images/s000585.png,circle,contrib_b
s000586,images/s000586.png,square,contrib_c
s000587,images/s000587.png,triangle,contrib_d
s000588,images/s000588.png,circle,contrib_a
s000589,images/s000589.png,square,contrib_b
s000590,images/s000590.png,triangle,contrib_c
s000591,images/s000591.png,circle,contrib_d
s000592,images/s000592.png,square,contrib_a
s000593,images/s000593.png,triangle,contrib_b
s000594,images/s000594.png,circle,contrib_c
s000595,images/s000595.png,square,contrib_d
s000596,images/s000596.png,triangle,contrib_a
s000597,images/s000597.png,circle,contrib_b
s000598,images/s000598.png,square,contrib_c
s000599,images/s000599.png,triangle,contrib_d
